{
  "countries": 1757114009.7367263,
  "global_holidays": 1757114009.7483137,
  "population_census": 1757118336.9769955,
  "aviation_2010": 1757131044.1019123,
  "aviation_2011": 1757114009.7590046,
  "aviation_2012": 1757114009.7590046,
  "aviation_2013": 1757114009.774645,
  "aviation_2014": 1757114009.774645,
  "aviation_2015": 1757114009.7903056,
  "aviation_2016": 1757114009.7903056,
  "aviation_2017": 1757114009.805807,
  "aviation_2018": 1757114009.8215997,
  "aviation_2019": 1757114009.8215997,
  "pilgrimage_1": 1757114009.8215997,
  "pilgrimage_2": 1757114009.8215997,
  "pilgrimage_3": 1757114009.8374293,
  "pilgrimage_4": 1757114009.8374293
}